{
  "falcon-7b-instruct": {
    "input_tokens": {
      "mean": 12.094527071866338,
      "std": 4.246905983689831
    },
    "output_tokens": {
      "mean": 48.846859507358396,
      "std": 16.302862231277444
    },
    "runtime": {
      "log_min": 0.0868620164643096,
      "log_max": 3.810833347399168,
      "raw_mean": 5.5666757974393075,
      "raw_std": 4.874028325388146
    },
    "energy": {
      "log_min": 2.664585829688126,
      "log_max": 8.827071348089008,
      "raw_mean": 613.4971346176367,
      "raw_std": 576.2056421329637
    },
    "accuracy": {
      "value": 0.705,
      "min": 0.685,
      "max": 0.723,
      "norm": 0.5263157894736828
    }
  },
  "mistral-7B-instruct-v0.2": {
    "input_tokens": {
      "mean": 13.731229776797676,
      "std": 4.3780414002052215
    },
    "output_tokens": {
      "mean": 62.66604150780075,
      "std": 6.147963856954122
    },
    "runtime": {
      "log_min": 0.14684815925107603,
      "log_max": 2.3397167845171727,
      "raw_mean": 2.6665344742576274,
      "raw_std": 1.2766302989352611
    },
    "energy": {
      "log_min": 3.4240020343154187,
      "log_max": 7.189562754730728,
      "raw_mean": 339.79065523175535,
      "raw_std": 112.15646537604533
    },
    "accuracy": {
      "value": 0.723,
      "min": 0.685,
      "max": 0.723,
      "norm": 1.0
    }
  },
  "phi-3-mini-4k-instruct": {
    "input_tokens": {
      "mean": 13.18562898657048,
      "std": 4.447415577621857
    },
    "output_tokens": {
      "mean": 61.34696664017444,
      "std": 7.725152939297056
    },
    "runtime": {
      "log_min": 0.05337381026855278,
      "log_max": 2.404446533091042,
      "raw_mean": 2.3202397705948874,
      "raw_std": 1.0886299346973172
    },
    "energy": {
      "log_min": 3.010596255202533,
      "log_max": 7.186624128828047,
      "raw_mean": 324.0752326934442,
      "raw_std": 118.64521972677207
    },
    "accuracy": {
      "value": 0.685,
      "min": 0.685,
      "max": 0.723,
      "norm": 0.0
    }
  }
}