model,score,runtime_est,energy_est,accuracy
mistral-7B-instruct-v0.2,0.6138387329000594,0.19157501607176602,0.3795512248641765,0.723
phi-3-mini-4k-instruct,0.6968096227327958,0.20313620499922802,0.4377415202331818,0.685
falcon-7b-instruct,0.7751878779805224,0.29467910841795253,0.48034832377154607,0.705
