model,score,runtime_est,energy_est,accuracy
mistral-7B-instruct-v0.2,0.5363749189182501,0.20247986574098767,0.3907901063545247,0.723
phi-3-mini-4k-instruct,0.5943690275056802,0.2129395238668015,0.44785900727775746,0.685
falcon-7b-instruct,0.6957205213476656,0.3042349060352142,0.4879712306249027,0.705
