model,score,runtime_est,energy_est,accuracy
mistral-7B-instruct-v0.2,0.25663595112273996,0.1283712736675523,0.3238084819461474,0.723
phi-3-mini-4k-instruct,0.291554917427978,0.13817847948527626,0.37459610765461376,0.685
falcon-7b-instruct,0.31257002888857577,0.23823103457291311,0.4396191098699656,0.705
