model,score,runtime_est,energy_est,accuracy
mistral-7B-instruct-v0.2,0.6034823013938929,0.23719785335785776,0.415766749429928,0.723
phi-3-mini-4k-instruct,0.6523665627745251,0.22322621792867628,0.451506907620374,0.685
falcon-7b-instruct,0.7292480259740025,0.34935308620701844,0.5191429657409866,0.705
