model,score,runtime_est,energy_est,accuracy
mistral-7B-instruct-v0.2,0.30514583276822105,0.2906020999059333,0.46324362834067734,0.723
phi-3-mini-4k-instruct,0.31670010862509923,0.28914317365726055,0.5129988706501686,0.685
falcon-7b-instruct,0.37646468936418187,0.376622025267985,0.538292716765924,0.705
