model,score,runtime_est,energy_est,accuracy
mistral-7B-instruct-v0.2,0.31109057258890055,0.16106725469528468,0.35313974519895347,0.723
phi-3-mini-4k-instruct,0.3525489272013902,0.1665259375502274,0.4023272224106124,0.685
falcon-7b-instruct,0.39204849256663277,0.26793559937849687,0.46125822104797176,0.705
