model,accuracy,energy_const,energy_in_tokens,energy_out_tokens,energy_R2,runtime_const,runtime_in_tokens,runtime_out_tokens,runtime_R2
phi-3-mini-4k-instruct,0.685,-1.7805310177643194e-16,-0.20430790357538,0.3768286037765644,0.0963846098951807,-5.724587470723462e-17,-0.1619850386675534,0.3317506312241313,0.0753222031940131
falcon-7b-instruct,0.705,9.471861229376487e-17,-0.0982651517068872,0.4158879023884861,0.1692553843787766,1.4312823929524263e-16,-0.1031611933360499,0.4774185121292104,0.2224658109456456
mistral-7B-instruct-v0.2,0.723,-3.333900073156589e-16,-0.2162516648055347,0.3229020374526564,0.0633830730335829,-1.5545997302236934e-16,-0.1463093012459188,0.2516094125338362,0.0385067065443565
